%time,field.header.seq,field.header.stamp,field.header.frame_id,field.status
1362970476278459921,0,1362970476278459921,,1362970476.278467859,Resetted, NOFACE, NOTELECTED, NOGROUP, None, NOP, ;
1362970476398485864,1,1362970476398485864,,1362970476.398504969,Resetted, NOFACE, NOTELECTED, NOGROUP, None, NOP, ;
1362970476518458574,2,1362970476518458574,,1362970476.518465600,Resetted, NOFACE, NOTELECTED, NOGROUP, None, NOP, ;
1362970476638458681,3,1362970476638458681,,1362970476.638465146,Resetted, NOFACE, NOTELECTED, NOGROUP, None, NOP, ;
1362970476758461659,4,1362970476758461659,,1362970476.758469690,Resetted, NOFACE, NOTELECTED, NOGROUP, None, NOP, ;
1362970476878460207,5,1362970476878460207,,1362970476.878468315,Resetted, NOFACE, NOTELECTED, NOGROUP, None, NOP, ;
1362970476998462806,6,1362970476998462806,,1362970476.998471438,Resetted, NOFACE, NOTELECTED, NOGROUP, None, NOP, ;
1362970477118457538,7,1362970477118457538,,1362970477.118464101,Resetted, NOFACE, NOTELECTED, NOGROUP, None, NOP, ;
1362970477238453359,8,1362970477238453359,,1362970477.238460250,Resetted, NOFACE, NOTELECTED, NOGROUP, None, NOP, ;
1362970477358464215,9,1362970477358464215,,1362970477.358472242,Resetted, NOFACE, NOTELECTED, NOGROUP, None, NOP, ;
1362970477478463737,10,1362970477478463737,,1362970477.478472014,Resetted, NOFACE, NOTELECTED, NOGROUP, None, NOP, ;
1362970477598470018,11,1362970477598470018,,1362970477.598477588,Taking Off, NOFACE, NOTELECTED, NOGROUP, None, NOP, ;
1362970477718457364,12,1362970477718457364,,1362970477.718465003,Taking Off, NOFACE, NOTELECTED, NOGROUP, None, NOP, ;
1362970477838470900,13,1362970477838470900,,1362970477.838480785,Taking Off, NOFACE, NOTELECTED, NOGROUP, None, NOP, ;
1362970477958479286,14,1362970477958479286,,1362970477.958488013,Taking Off, NOFACE, NOTELECTED, NOGROUP, None, NOP, ;
1362970478078471242,15,1362970478078471242,,1362970478.078478012,Taking Off, NOFACE, NOTELECTED, NOGROUP, None, NOP, ;
1362970478198458212,16,1362970478198458212,,1362970478.198466348,Taking Off, NOFACE, NOTELECTED, NOGROUP, None, NOP, ;
1362970478318460088,17,1362970478318460088,,1362970478.318466964,Taking Off, NOFACE, NOTELECTED, NOGROUP, None, NOP, ;
1362970478438454118,18,1362970478438454118,,1362970478.438462386,Taking Off, NOFACE, NOTELECTED, NOGROUP, None, NOP, ;
1362970478558454279,19,1362970478558454279,,1362970478.558460736,Taking Off, NOFACE, NOTELECTED, NOGROUP, None, NOP, ;
1362970478678453822,20,1362970478678453822,,1362970478.678460990,Taking Off, NOFACE, NOTELECTED, NOGROUP, None, NOP, ;
1362970478798463577,21,1362970478798463577,,1362970478.798473687,Taking Off, NOFACE, NOTELECTED, NOGROUP, None, NOP, ;
1362970478918457816,22,1362970478918457816,,1362970478.918465230,Taking Off, NOFACE, NOTELECTED, NOGROUP, None, NOP, ;
1362970479038459742,23,1362970479038459742,,1362970479.038467587,Taking Off, NOFACE, NOTELECTED, NOGROUP, None, NOP, ;
1362970479158478669,24,1362970479158478669,,1362970479.158485299,Taking Off, NOFACE, NOTELECTED, NOGROUP, None, NOP, ;
1362970479278466389,25,1362970479278466389,,1362970479.278476903,Taking Off, NOFACE, NOTELECTED, NOGROUP, None, NOP, ;
1362970479398458247,26,1362970479398458247,,1362970479.398467528,Taking Off, NOFACE, NOTELECTED, NOGROUP, None, NOP, ;
1362970479518458103,27,1362970479518458103,,1362970479.518465078,Taking Off, NOFACE, NOTELECTED, NOGROUP, None, NOP, ;
1362970479638458585,28,1362970479638458585,,1362970479.638465892,Taking Off, NOFACE, NOTELECTED, NOGROUP, None, NOP, ;
1362970479758463524,29,1362970479758463524,,1362970479.758470097,Taking Off, NOFACE, NOTELECTED, NOGROUP, None, NOP, ;
1362970479878452521,30,1362970479878452521,,1362970479.878459247,Taking Off, NOFACE, NOTELECTED, NOGROUP, None, NOP, ;
1362970479998462814,31,1362970479998462814,,1362970479.998470397,Taking Off, NOFACE, NOTELECTED, NOGROUP, None, NOP, ;
1362970480118459823,32,1362970480118459823,,1362970480.118467475,Taking Off, NOFACE, NOTELECTED, NOGROUP, None, NOP, ;
1362970480238461741,33,1362970480238461741,,1362970480.238469134,Taking Off, NOFACE, NOTELECTED, NOGROUP, None, NOP, ;
1362970480358461606,34,1362970480358461606,,1362970480.358469641,Taking Off, NOFACE, NOTELECTED, NOGROUP, None, NOP, ;
1362970480478481318,35,1362970480478481318,,1362970480.478491877,Taking Off, NOFACE, NOTELECTED, NOGROUP, None, NOP, ;
1362970480598458904,36,1362970480598458904,,1362970480.598465685,Taking Off, NOFACE, NOTELECTED, NOGROUP, None, NOP, ;
1362970480718474192,37,1362970480718474192,,1362970480.718482381,Taking Off, NOFACE, NOTELECTED, NOGROUP, None, NOP, ;
1362970480838461204,38,1362970480838461204,,1362970480.838468396,Taking Off, NOFACE, NOTELECTED, NOGROUP, None, NOP, ;
1362970480958476981,39,1362970480958476981,,1362970480.958483440,Taking Off, NOFACE, NOTELECTED, NOGROUP, None, NOP, ;
1362970481078457404,40,1362970481078457404,,1362970481.078465099,Taking Off, NOFACE, NOTELECTED, NOGROUP, None, NOP, ;
1362970481198549269,41,1362970481198549269,,1362970481.198556028,Taking Off, NOFACE, NOTELECTED, NOGROUP, None, NOP, ;
1362970481318489278,42,1362970481318489278,,1362970481.318496657,Taking Off, NOFACE, NOTELECTED, NOGROUP, None, NOP, ;
1362970481438463886,43,1362970481438463886,,1362970481.438470976,Taking Off, NOFACE, NOTELECTED, NOGROUP, None, NOP, ;
1362970481558457224,44,1362970481558457224,,1362970481.558464345,Taking Off, NOFACE, NOTELECTED, NOGROUP, None, NOP, ;
1362970481678492790,45,1362970481678492790,,1362970481.678502282,Taking Off, NOFACE, NOTELECTED, NOGROUP, None, NOP, ;
1362970481798480477,46,1362970481798480477,,1362970481.798487677,Taking Off, NOFACE, NOTELECTED, NOGROUP, None, NOP, ;
1362970481918458833,47,1362970481918458833,,1362970481.918466400,Taking Off, NOFACE, NOTELECTED, NOGROUP, None, NOP, ;
1362970482038459500,48,1362970482038459500,,1362970482.038467055,Taking Off, NOFACE, NOTELECTED, NOGROUP, None, NOP, ;
1362970482158441628,49,1362970482158441628,,1362970482.158450836,Taking Off, NOFACE, NOTELECTED, NOGROUP, None, NOP, ;
1362970482278479088,50,1362970482278479088,,1362970482.278485365,Taking Off, NOFACE, NOTELECTED, NOGROUP, None, NOP, ;
1362970482398463030,51,1362970482398463030,,1362970482.398470586,Taking Off, NOFACE, NOTELECTED, NOGROUP, None, NOP, ;
1362970482518462332,52,1362970482518462332,,1362970482.518470058,Taking Off, NOFACE, NOTELECTED, NOGROUP, None, NOP, ;
1362970482638462857,53,1362970482638462857,,1362970482.638470984,Taking Off, NOFACE, NOTELECTED, NOGROUP, None, NOP, ;
1362970482758467192,54,1362970482758467192,,1362970482.758477032,Taking Off, NOFACE, NOTELECTED, NOGROUP, None, NOP, ;
1362970482878485752,55,1362970482878485752,,1362970482.878491040,Taking Off, NOFACE, NOTELECTED, NOGROUP, None, NOP, ;
1362970482998468863,56,1362970482998468863,,1362970482.998477742,Taking Off, NOFACE, NOTELECTED, NOGROUP, None, NOP, ;
1362970483118459865,57,1362970483118459865,,1362970483.118467862,Taking Off, NOFACE, NOTELECTED, NOGROUP, None, NOP, ;
1362970483238484129,58,1362970483238484129,,1362970483.238490743,Taking Off, NOFACE, NOTELECTED, NOGROUP, None, NOP, ;
1362970483358459686,59,1362970483358459686,,1362970483.358467037,Taking Off, NOFACE, NOTELECTED, NOGROUP, None, NOP, ;
1362970483478460809,60,1362970483478460809,,1362970483.478469138,Taking Off, NOFACE, NOTELECTED, NOGROUP, None, NOP, ;
1362970483598463802,61,1362970483598463802,,1362970483.598470713,Taking Off, NOFACE, NOTELECTED, NOGROUP, None, NOP, ;
1362970483718468172,62,1362970483718468172,,1362970483.718475445,Taking Off, NOFACE, NOTELECTED, NOGROUP, None, NOP, ;
1362970483838467716,63,1362970483838467716,,1362970483.838476896,Taking Off, NOFACE, NOTELECTED, NOGROUP, None, NOP, ;
1362970483958486130,64,1362970483958486130,,1362970483.958492928,Taking Off, NOFACE, NOTELECTED, NOGROUP, None, NOP, ;
1362970484078480820,65,1362970484078480820,,1362970484.078487385,Taking Off, NOFACE, NOTELECTED, NOGROUP, None, NOP, ;
1362970484198461271,66,1362970484198461271,,1362970484.198468416,Taking Off, NOFACE, NOTELECTED, NOGROUP, None, NOP, ;
1362970484318465879,67,1362970484318465879,,1362970484.318473263,Operation, FACE, ELECTED, NOGROUP, None, POSECONTROL, , -2.14, -0.17, 0.755, 0, -0, 0.634, -3.5, -0.5, 1.5, 0, -0, 20;
1362970484438479840,68,1362970484438479840,,1362970484.438487373,Operation, FACE, ELECTED, NOGROUP, None, POSECONTROL, , -2.13, -0.166, 0.759, 0, -0, 1.62, -3.5, -0.5, 1.5, 0, -0, 20;
1362970484558456784,69,1362970484558456784,,1362970484.558463415,Operation, FACE, ELECTED, NOGROUP, None, POSECONTROL, , -2.12, -0.168, 0.742, 0, -0, 2.71, -3.5, -0.5, 1.5, 0, -0, 20;
1362970484678504103,70,1362970484678504103,,1362970484.678516194,Operation, FACE, ELECTED, NOGROUP, None, POSECONTROL, , -2.13, -0.162, 0.791, 0, -0, 3.36, -3.5, -0.5, 1.5, 0, -0, 20;
1362970484798467708,71,1362970484798467708,,1362970484.798474210,Operation, FACE, ELECTED, NOGROUP, None, POSECONTROL, , -2.17, -0.144, 0.883, 0, -0, 4.05, -3.5, -0.5, 1.5, 0, -0, 20;
1362970484918491631,72,1362970484918491631,,1362970484.918502725,Operation, FACE, ELECTED, NOGROUP, None, POSECONTROL, , -2.21, -0.133, 0.91, 0, -0, 4.55, -3.5, -0.5, 1.5, 0, -0, 20;
1362970485038464312,73,1362970485038464312,,1362970485.038471611,Operation, FACE, ELECTED, NOGROUP, None, POSECONTROL, , -2.28, -0.119, 0.964, 0, -0, 5.56, -3.5, -0.5, 1.5, 0, -0, 20;
1362970485158468121,74,1362970485158468121,,1362970485.158475658,Operation, FACE, ELECTED, NOGROUP, None, POSECONTROL, , -2.36, -0.109, 0.973, 0, -0, 6.5, -3.5, -0.5, 1.5, 0, -0, 20;
1362970485278475602,75,1362970485278475602,,1362970485.278482045,Operation, FACE, ELECTED, NOGROUP, None, POSECONTROL, , -2.45, -0.0922, 1.01, 0, -0, 7.45, -3.5, -0.5, 1.5, 0, -0, 20;
1362970485398466221,76,1362970485398466221,,1362970485.398474599,Operation, FACE, ELECTED, NOGROUP, None, POSECONTROL, , -2.51, -0.0822, 1.03, 0, -0, 8.1, -3.5, -0.5, 1.5, 0, -0, 20;
1362970485518464150,77,1362970485518464150,,1362970485.518470390,Operation, FACE, ELECTED, NOGROUP, None, POSECONTROL, , -2.58, -0.0853, 1.06, 0, -0, 8.79, -3.5, -0.5, 1.5, 0, -0, 20;
1362970485638468501,78,1362970485638468501,,1362970485.638477145,Operation, FACE, ELECTED, NOGROUP, None, POSECONTROL, , -2.66, -0.0684, 1.13, 0, -0, 9.46, -3.5, -0.5, 1.5, 0, -0, 20;
1362970485758494503,79,1362970485758494503,,1362970485.758507856,Operation, FACE, ELECTED, NOGROUP, None, POSECONTROL, , -2.77, -0.0565, 1.16, 0, -0, 10.3, -3.5, -0.5, 1.5, 0, -0, 20;
1362970485878470050,80,1362970485878470050,,1362970485.878478101,Operation, FACE, ELECTED, NOGROUP, None, POSECONTROL, , -2.85, -0.0488, 1.21, 0, -0, 10.9, -3.5, -0.5, 1.5, 0, -0, 20;
1362970485998457439,81,1362970485998457439,,1362970485.998464368,Operation, FACE, ELECTED, NOGROUP, None, POSECONTROL, , -2.94, 0, 1.29, 0, -0, 11.7, -3.5, -0.5, 1.5, 0, -0, 20;
1362970486118493565,82,1362970486118493565,,1362970486.118504883,Operation, FACE, ELECTED, NOGROUP, None, POSECONTROL, , -3.02, 0, 1.34, 0, -0, 12.4, -3.5, -0.5, 1.5, 0, -0, 20;
1362970486238471574,83,1362970486238471574,,1362970486.238481213,Operation, FACE, ELECTED, NOGROUP, None, POSECONTROL, , -3.09, 0, 1.39, 0, -0, 13.1, -3.5, -0.5, 1.5, 0, -0, 20;
1362970486358487869,84,1362970486358487869,,1362970486.358501096,Operation, FACE, ELECTED, NOGROUP, None, POSECONTROL, , -3.15, 0, 1.44, 0, -0, 13.8, -3.5, -0.5, 1.5, 0, -0, 20;
1362970486478511214,85,1362970486478511214,,1362970486.478522570,Operation, FACE, ELECTED, NOGROUP, None, POSECONTROL, , -3.24, 0.0347, 1.5, 0, -0, 14.6, -3.5, -0.5, 1.5, 0, -0, 20;
1362970486598529468,86,1362970486598529468,,1362970486.598532823,Operation, FACE, ELECTED, NOGROUP, None, POSECONTROL, , -3.33, 0.0478, 1.52, 0, -0, 15.4, -3.5, -0.5, 1.5, 0, -0, 20.9;
1362970486718524642,87,1362970486718524642,,1362970486.718526594,Operation, FACE, ELECTED, NOGROUP, None, POSECONTROL, , -3.38, 0.0605, 1.53, 0, -0, 16.1, -3.5, -0.5, 1.5, 0, -0, 21.7;
1362970486838568125,88,1362970486838568125,,1362970486.838571885,Operation, FACE, ELECTED, NOGROUP, None, POSECONTROL, , -3.42, 0.0721, 1.55, 0, -0, 16.7, -3.5, -0.5, 1.5, 0, -0, 22.6;
1362970486958524227,89,1362970486958524227,,1362970486.958526656,Operation, FACE, ELECTED, NOGROUP, None, POSECONTROL, , -3.49, 0.0846, 1.55, 0, -0, 17.5, -3.5, -0.5, 1.5, 0, -0, 23.4;
1362970487078611142,90,1362970487078611142,,1362970487.078614108,Operation, FACE, ELECTED, NOGROUP, None, POSECONTROL, , -3.51, 0.0959, 1.55, 0, -0, 18, -3.5, -0.5, 1.5, 0, -0, 24.3;
1362970487198531474,91,1362970487198531474,,1362970487.198533435,Operation, FACE, ELECTED, NOGROUP, None, POSECONTROL, , -3.55, 0.095, 1.54, 0, -0, 18.7, -3.5, -0.5, 1.5, 0, -0, 25.2;
1362970487318568480,92,1362970487318568480,,1362970487.318570224,Operation, FACE, ELECTED, NOGROUP, None, POSECONTROL, , -3.58, 0.0956, 1.55, 0, -0, 19.5, -3.5, -0.5, 1.5, 0, -0, 26;
1362970487438600145,93,1362970487438600145,,1362970487.438602150,Operation, FACE, ELECTED, NOGROUP, None, POSECONTROL, , -3.6, 0.0979, 1.52, 0, -0, 20.2, -3.5, -0.5, 1.5, 0, -0, 26.9;
1362970487558520021,94,1362970487558520021,,1362970487.558521734,Operation, FACE, ELECTED, NOGROUP, None, POSECONTROL, , -3.61, 0.103, 1.51, 0, -0, 20.7, -3.5, -0.5, 1.5, 0, -0, 27.7;
1362970487678523567,95,1362970487678523567,,1362970487.678525251,Operation, FACE, ELECTED, NOGROUP, None, POSECONTROL, , -3.61, 0.104, 1.5, 0, -0, 21.3, -3.5, -0.5, 1.5, 0, -0, 28.6;
1362970487798558259,96,1362970487798558259,,1362970487.798561289,Operation, FACE, ELECTED, NOGROUP, None, POSECONTROL, , -3.61, 0.106, 1.5, 0, -0, 22, -3.5, -0.5, 1.5, 0, -0, 29.5;
1362970487918467658,97,1362970487918467658,,1362970487.918473862,Operation, FACE, ELECTED, NOGROUP, None, POSECONTROL, , -3.61, 0.109, 1.48, 0, -0, 22.5, -3.5, -0.5, 1.5, 0, -0, 30;
1362970488038516001,98,1362970488038516001,,1362970488.038523978,Operation, FACE, ELECTED, NOGROUP, None, POSECONTROL, , -3.6, 0.107, 1.48, 0, -0, 23.3, -3.5, -0.5, 1.5, 0, -0, 30;
1362970488158468753,99,1362970488158468753,,1362970488.158479738,Operation, FACE, ELECTED, NOGROUP, None, POSECONTROL, , -3.53, 0.0981, 1.45, 0, -0, 24, -3.5, -0.5, 1.5, 0, -0, 30;
1362970488278466232,100,1362970488278466232,,1362970488.278473488,Operation, FACE, ELECTED, NOGROUP, None, POSECONTROL, , -3.49, 0.0993, 1.45, 0, -0, 24.9, -3.5, -0.5, 1.5, 0, -0, 30;
1362970488398456521,101,1362970488398456521,,1362970488.398462977,Operation, FACE, ELECTED, NOGROUP, None, POSECONTROL, , -3.49, 0.0984, 1.46, 0, -0, 25.4, -3.5, -0.5, 1.5, 0, -0, 30;
1362970488518475575,102,1362970488518475575,,1362970488.518485299,Operation, FACE, ELECTED, NOGROUP, None, POSECONTROL, , -3.49, 0.0857, 1.46, 0, -0, 26, -3.5, -0.5, 1.5, 0, -0, 30;
1362970488638466656,103,1362970488638466656,,1362970488.638474258,Operation, FACE, ELECTED, NOGROUP, None, POSECONTROL, , -3.47, 0.0823, 1.46, 0, -0, 26.9, -3.5, -0.5, 1.5, 0, -0, 30;
1362970488758581718,104,1362970488758581718,,1362970488.758583814,Operation, FACE, ELECTED, NOGROUP, None, POSECONTROL, , -3.45, 0.072, 1.47, 0, -0, 27.6, -3.5, -0.5, 1.5, 0, -0, 29.7;
1362970488878523748,105,1362970488878523748,,1362970488.878525549,Operation, FACE, ELECTED, NOGROUP, None, POSECONTROL, , -3.43, 0.0559, 1.47, 0, -0, 27.9, -3.5, -0.5, 1.5, 0, -0, 28.9;
1362970488998517775,106,1362970488998517775,,1362970488.998519846,Operation, FACE, ELECTED, NOGROUP, None, POSECONTROL, , -3.39, 0.0517, 1.48, 0, -0, 28, -3.5, -0.5, 1.5, 0, -0, 28;
1362970489118556499,107,1362970489118556499,,1362970489.118558303,Operation, FACE, ELECTED, NOGROUP, None, POSECONTROL, , -3.37, 0.0504, 1.48, 0, -0, 27.8, -3.5, -0.5, 1.5, 0, -0, 27.2;
1362970489238517065,108,1362970489238517065,,1362970489.238519309,Operation, FACE, ELECTED, NOGROUP, None, POSECONTROL, , -3.35, 0.0407, 1.49, 0, -0, 27.3, -3.5, -0.5, 1.5, 0, -0, 26.3;
1362970489358540192,109,1362970489358540192,,1362970489.358542225,Operation, FACE, ELECTED, NOGROUP, None, POSECONTROL, , -3.32, 0.0377, 1.5, 0, -0, 26.7, -3.5, -0.5, 1.5, 0, -0, 25.4;
1362970489478516246,110,1362970489478516246,,1362970489.478518117,Operation, FACE, ELECTED, NOGROUP, None, POSECONTROL, , -3.3, 0, 1.5, 0, -0, 26.2, -3.5, -0.5, 1.5, 0, -0, 24.6;
1362970489598604657,111,1362970489598604657,,1362970489.598606626,Operation, FACE, ELECTED, NOGROUP, None, POSECONTROL, , -3.27, 0, 1.5, 0, -0, 25.5, -3.5, -0.5, 1.5, 0, -0, 23.7;
1362970489718513470,112,1362970489718513470,,1362970489.718514758,Operation, FACE, ELECTED, NOGROUP, None, POSECONTROL, , -3.26, 0, 1.5, 0, -0, 24.9, -3.5, -0.5, 1.5, 0, -0, 22.9;
1362970489838519316,113,1362970489838519316,,1362970489.838520536,Operation, FACE, ELECTED, NOGROUP, None, POSECONTROL, , -3.24, 0, 1.49, 0, -0, 24, -3.5, -0.5, 1.5, 0, -0, 22;
1362970489958522160,114,1362970489958522160,,1362970489.958523506,Operation, FACE, ELECTED, NOGROUP, None, POSECONTROL, , -3.22, 0, 1.49, 0, -0, 23.2, -3.5, -0.5, 1.5, 0, -0, 21.1;
1362970490078518144,115,1362970490078518144,,1362970490.078520096,Operation, FACE, ELECTED, NOGROUP, None, POSECONTROL, , -3.21, 0, 1.5, 0, -0, 22.4, -3.5, -0.5, 1.5, 0, -0, 20.3;
1362970490198498127,116,1362970490198498127,,1362970490.198499438,Operation, FACE, ELECTED, NOGROUP, None, POSECONTROL, , -3.2, -0.0465, 1.49, 0, -0, 21.4, -3.5, -0.5, 1.5, 0, -0, 19.4;
1362970490318526620,117,1362970490318526620,,1362970490.318528694,Operation, FACE, ELECTED, NOGROUP, None, POSECONTROL, , -3.19, -0.0576, 1.5, 0, -0, 20.9, -3.5, -0.5, 1.5, 0, -0, 18.6;
1362970490438684303,118,1362970490438684303,,1362970490.438687684,Operation, FACE, ELECTED, NOGROUP, None, POSECONTROL, , -3.18, -0.0751, 1.49, 0, -0, 19.8, -3.5, -0.5, 1.5, 0, -0, 17.7;
1362970490558487665,119,1362970490558487665,,1362970490.558496072,Operation, FACE, ELECTED, NOGROUP, None, POSECONTROL, , -3.18, -0.0972, 1.49, 0, -0, 18.8, -3.5, -0.5, 1.5, 0, -0, 17.1;
1362970490678460476,120,1362970490678460476,,1362970490.678467968,Operation, FACE, ELECTED, NOGROUP, None, POSECONTROL, , -3.17, -0.119, 1.5, 0, -0, 18.2, -3.5, -0.5, 1.5, 0, -0, 17.1;
1362970490798467783,121,1362970490798467783,,1362970490.798475334,Operation, FACE, ELECTED, NOGROUP, None, POSECONTROL, , -3.18, -0.129, 1.48, 0, -0, 17.5, -3.5, -0.5, 1.5, 0, -0, 17.1;
1362970490918494712,122,1362970490918494712,,1362970490.918504059,Operation, FACE, ELECTED, NOGROUP, None, POSECONTROL, , -3.18, -0.142, 1.49, 0, -0, 17, -3.5, -0.5, 1.5, 0, -0, 17.1;
1362970491038472814,123,1362970491038472814,,1362970491.038480310,Operation, FACE, ELECTED, NOGROUP, None, POSECONTROL, , -3.18, -0.157, 1.49, 0, -0, 16.7, -3.5, -0.5, 1.5, 0, -0, 17.1;
1362970491158473492,124,1362970491158473492,,1362970491.158482882,Operation, FACE, ELECTED, NOGROUP, None, POSECONTROL, , -3.18, -0.177, 1.49, 0, -0, 16.5, -3.5, -0.5, 1.5, 0, -0, 17.1;
1362970491278464172,125,1362970491278464172,,1362970491.278471930,Operation, FACE, ELECTED, NOGROUP, None, POSECONTROL, , -3.19, -0.18, 1.49, 0, -0, 16.5, -3.5, -0.5, 1.5, 0, -0, 17.1;
1362970491398469051,126,1362970491398469051,,1362970491.398477713,Operation, FACE, ELECTED, NOGROUP, None, POSECONTROL, , -3.2, -0.185, 1.49, 0, -0, 16.5, -3.5, -0.5, 1.5, 0, -0, 17.1;
1362970491518469741,127,1362970491518469741,,1362970491.518480699,Operation, FACE, ELECTED, NOGROUP, None, POSECONTROL, , -3.21, -0.187, 1.48, 0, -0, 16.4, -3.5, -0.5, 1.5, 0, -0, 17.1;
1362970491638462978,128,1362970491638462978,,1362970491.638467820,Operation, FACE, ELECTED, NOGROUP, None, POSECONTROL, , -3.23, -0.188, 1.49, 0, -0, 16.5, -3.5, -0.5, 1.5, 0, -0, 17.1;
1362970491758459626,129,1362970491758459626,,1362970491.758466830,Operation, FACE, ELECTED, NOGROUP, None, POSECONTROL, , -3.25, -0.186, 1.48, 0, -0, 16.4, -3.5, -0.5, 1.5, 0, -0, 17.1;
1362970491878467337,130,1362970491878467337,,1362970491.878477986,Operation, FACE, ELECTED, NOGROUP, None, POSECONTROL, , -3.26, -0.186, 1.48, 0, -0, 16.5, -3.5, -0.5, 1.5, 0, -0, 17.1;
1362970491998459043,131,1362970491998459043,,1362970491.998467611,Operation, FACE, ELECTED, NOGROUP, None, POSECONTROL, , -3.28, -0.192, 1.49, 0, -0, 16.5, -3.5, -0.5, 1.5, 0, -0, 17.1;
1362970492118455271,132,1362970492118455271,,1362970492.118461713,Operation, FACE, ELECTED, NOGROUP, None, POSECONTROL, , -3.29, -0.192, 1.49, 0, -0, 16.5, -3.5, -0.5, 1.5, 0, -0, 17.1;
1362970492238463566,133,1362970492238463566,,1362970492.238470903,Operation, FACE, ELECTED, NOGROUP, None, POSECONTROL, , -3.3, -0.19, 1.49, 0, -0, 16.6, -3.5, -0.5, 1.5, 0, -0, 17.1;
1362970492358459438,134,1362970492358459438,,1362970492.358468110,Operation, FACE, ELECTED, NOGROUP, None, POSECONTROL, , -3.33, -0.183, 1.5, 0, -0, 16.7, -3.5, -0.5, 1.5, 0, -0, 17.1;
1362970492478476915,135,1362970492478476915,,1362970492.478484209,Operation, FACE, ELECTED, NOGROUP, None, POSECONTROL, , -3.34, -0.177, 1.5, 0, -0, 16.7, -3.5, -0.5, 1.5, 0, -0, 17.1;
1362970492598474480,136,1362970492598474480,,1362970492.598482176,Operation, FACE, ELECTED, NOGROUP, None, POSECONTROL, , -3.36, -0.176, 1.51, 0, -0, 16.7, -3.5, -0.5, 1.5, 0, -0, 17.1;
1362970492718501749,137,1362970492718501749,,1362970492.718521703,Operation, FACE, ELECTED, NOGROUP, None, POSECONTROL, , -3.37, -0.172, 1.52, 0, -0, 16.7, -3.5, -0.5, 1.5, 0, -0, 17.1;
1362970492838463468,138,1362970492838463468,,1362970492.838470959,Operation, FACE, ELECTED, NOGROUP, None, POSECONTROL, , -3.39, -0.167, 1.52, 0, -0, 16.6, -3.5, -0.5, 1.5, 0, -0, 17.1;
1362970492958482628,139,1362970492958482628,,1362970492.958492269,Operation, FACE, ELECTED, NOGROUP, None, POSECONTROL, , -3.42, -0.172, 1.52, 0, -0, 16.5, -3.5, -0.5, 1.5, 0, -0, 17.1;
1362970493078576773,140,1362970493078576773,,1362970493.078579256,Operation, FACE, ELECTED, NOGROUP, None, POSECONTROL, , -3.43, -0.172, 1.52, 0, -0, 16.5, -3.5, -0.5, 1.5, 0, -0, 18;
1362970493198507492,141,1362970493198507492,,1362970493.198509119,Operation, FACE, ELECTED, NOGROUP, None, POSECONTROL, , -3.46, -0.167, 1.52, 0, -0, 16.5, -3.5, -0.5, 1.5, 0, -0, 18.9;
1362970493318518016,142,1362970493318518016,,1362970493.318519956,Operation, FACE, ELECTED, NOGROUP, None, POSECONTROL, , -3.47, -0.181, 1.52, 0, -0, 16.7, -3.5, -0.5, 1.5, 0, -0, 19.7;
1362970493438527781,143,1362970493438527781,,1362970493.438529379,Operation, FACE, ELECTED, NOGROUP, None, POSECONTROL, , -3.49, -0.182, 1.51, 0, -0, 17.2, -3.5, -0.5, 1.5, 0, -0, 20.6;
1362970493558598902,144,1362970493558598902,,1362970493.558601175,Operation, FACE, ELECTED, NOGROUP, None, POSECONTROL, , -3.52, -0.177, 1.53, 0, -0, 17.8, -3.5, -0.5, 1.5, 0, -0, 21.4;
1362970493678521910,145,1362970493678521910,,1362970493.678523604,Operation, FACE, ELECTED, NOGROUP, None, POSECONTROL, , -3.54, -0.182, 1.53, 0, -0, 18.2, -3.5, -0.5, 1.5, 0, -0, 22.3;
1362970493798521427,146,1362970493798521427,,1362970493.798523384,Operation, FACE, ELECTED, NOGROUP, None, POSECONTROL, , -3.56, -0.179, 1.52, 0, -0, 18.6, -3.5, -0.5, 1.5, 0, -0, 23.2;
1362970493918544618,147,1362970493918544618,,1362970493.918546331,Operation, FACE, ELECTED, NOGROUP, None, POSECONTROL, , -3.57, -0.183, 1.52, 0, -0, 18.9, -3.5, -0.5, 1.5, 0, -0, 24;
1362970494038510276,148,1362970494038510276,,1362970494.038511915,Operation, FACE, ELECTED, NOGROUP, None, POSECONTROL, , -3.58, -0.179, 1.53, 0, -0, 19.3, -3.5, -0.5, 1.5, 0, -0, 24.9;
1362970494158559499,149,1362970494158559499,,1362970494.158561586,Operation, FACE, ELECTED, NOGROUP, None, POSECONTROL, , -3.59, -0.176, 1.53, 0, -0, 19.6, -3.5, -0.5, 1.5, 0, -0, 25.7;
1362970494278527448,150,1362970494278527448,,1362970494.278529718,Operation, FACE, ELECTED, NOGROUP, None, POSECONTROL, , -3.6, -0.175, 1.53, 0, -0, 20.2, -3.5, -0.5, 1.5, 0, -0, 26.6;
1362970494398679106,151,1362970494398679106,,1362970494.398682615,Operation, FACE, ELECTED, NOGROUP, None, POSECONTROL, , -3.61, -0.181, 1.53, 0, -0, 20.6, -3.5, -0.5, 1.5, 0, -0, 27.4;
1362970494518457810,152,1362970494518457810,,1362970494.518463795,Operation, FACE, ELECTED, NOGROUP, None, POSECONTROL, , -3.61, -0.183, 1.53, 0, -0, 21.1, -3.5, -0.5, 1.5, 0, -0, 28;
1362970494638457308,153,1362970494638457308,,1362970494.638464256,Operation, FACE, ELECTED, NOGROUP, None, POSECONTROL, , -3.6, -0.179, 1.52, 0, -0, 22, -3.5, -0.5, 1.5, 0, -0, 28;
1362970494758460502,154,1362970494758460502,,1362970494.758467193,Operation, FACE, ELECTED, NOGROUP, None, POSECONTROL, , -3.59, -0.161, 1.52, 0, -0, 22.9, -3.5, -0.5, 1.5, 0, -0, 28;
1362970494878474489,155,1362970494878474489,,1362970494.878486235,Operation, FACE, ELECTED, NOGROUP, None, POSECONTROL, , -3.57, -0.159, 1.51, 0, -0, 23.7, -3.5, -0.5, 1.5, 0, -0, 28;
1362970494998474973,156,1362970494998474973,,1362970494.998486083,Operation, FACE, ELECTED, NOGROUP, None, POSECONTROL, , -3.55, -0.156, 1.5, 0, -0, 24.7, -3.5, -0.5, 1.5, 0, -0, 28;
1362970495118497282,157,1362970495118497282,,1362970495.118507892,Operation, FACE, ELECTED, NOGROUP, None, POSECONTROL, , -3.54, -0.145, 1.5, 0, -0, 25.5, -3.5, -0.5, 1.5, 0, -0, 28;
1362970495238468313,158,1362970495238468313,,1362970495.238475807,Operation, FACE, ELECTED, NOGROUP, None, POSECONTROL, , -3.51, -0.136, 1.5, 0, -0, 26.2, -3.5, -0.5, 1.5, 0, -0, 28;
1362970495358610612,159,1362970495358610612,,1362970495.358612231,Operation, FACE, ELECTED, INGROUP, Left, POSECONTROL, , -3.48, -0.14, 1.5, 0, -0, 26.4, -3.5, -0.5, 1.5, 0, -0, 27.2;
1362970495478517582,160,1362970495478517582,,1362970495.478519666,Operation, FACE, ELECTED, INGROUP, None, POSECONTROL, , -3.47, -0.134, 1.5, 0, -0, 26.5, -3.5, -0.5, 1.5, 0, -0, 26.3;
1362970495598512824,161,1362970495598512824,,1362970495.598514700,Operation, FACE, ELECTED, INGROUP, None, POSECONTROL, , -3.45, -0.13, 1.49, 0, -0, 26.5, -3.5, -0.5, 1.5, 0, -0, 25.4;
1362970495718519884,162,1362970495718519884,,1362970495.718522061,Operation, FACE, ELECTED, INGROUP, None, POSECONTROL, , -3.44, -0.128, 1.49, 0, -0, 26.2, -3.5, -0.5, 1.5, 0, -0, 24.6;
1362970495838571611,163,1362970495838571611,,1362970495.838572906,Operation, FACE, ELECTED, INGROUP, None, POSECONTROL, , -3.43, -0.13, 1.49, 0, -0, 25.6, -3.5, -0.5, 1.5, 0, -0, 23.7;
1362970495958569204,164,1362970495958569204,,1362970495.958571359,Operation, FACE, ELECTED, INGROUP, None, POSECONTROL, , -3.41, -0.126, 1.49, 0, -0, 24.8, -3.5, -0.5, 1.5, 0, -0, 22.9;
1362970496078520671,165,1362970496078520671,,1362970496.078522824,Operation, FACE, ELECTED, INGROUP, None, POSECONTROL, , -3.4, -0.132, 1.48, 0, -0, 24.2, -3.5, -0.5, 1.5, 0, -0, 22;
1362970496198522830,166,1362970496198522830,,1362970496.198524134,Operation, FACE, ELECTED, INGROUP, None, POSECONTROL, , -3.39, -0.14, 1.49, 0, -0, 23.4, -3.5, -0.5, 1.5, 0, -0, 21.1;
1362970496318539018,167,1362970496318539018,,1362970496.318540303,Operation, FACE, ELECTED, INGROUP, None, POSECONTROL, , -3.38, -0.136, 1.49, 0, -0, 22.4, -3.5, -0.5, 1.5, 0, -0, 20.3;
1362970496438459404,168,1362970496438459404,,1362970496.438465886,Operation, FACE, ELECTED, INGROUP, Left, POSECONTROL, , -3.38, -0.139, 1.51, 0, -0, 21.6, -3.5, -0.5, 1.5, 0, -0, 19.7;
1362970496558466700,169,1362970496558466700,,1362970496.558474421,Operation, FACE, ELECTED, INGROUP, Left, POSECONTROL, , -3.37, -0.156, 1.5, 0, -0, 20.6, -3.5, -0.5, 1.5, 0, -0, 19.7;
1362970496678479431,170,1362970496678479431,,1362970496.678493673,Operation, FACE, ELECTED, INGROUP, Left, POSECONTROL, , -3.37, -0.156, 1.5, 0, -0, 20.2, -3.5, -0.5, 1.5, 0, -0, 19.7;
1362970496798485136,171,1362970496798485136,,1362970496.798497024,Operation, FACE, ELECTED, INGROUP, Left, POSECONTROL, , -3.36, -0.174, 1.5, 0, -0, 19.6, -3.5, -0.5, 1.5, 0, -0, 19.7;
1362970496918490480,172,1362970496918490480,,1362970496.918497576,Operation, FACE, ELECTED, INGROUP, Left, POSECONTROL, , -3.36, -0.192, 1.5, 0, -0, 19.4, -3.5, -0.5, 1.5, 0, -0, 19.7;
1362970497038467357,173,1362970497038467357,,1362970497.038474953,Operation, FACE, ELECTED, INGROUP, Left, POSECONTROL, , -3.36, -0.209, 1.5, 0, -0, 19.1, -3.5, -0.5, 1.5, 0, -0, 19.7;
1362970497158468530,174,1362970497158468530,,1362970497.158476622,Operation, FACE, ELECTED, INGROUP, Left, POSECONTROL, , -3.39, -0.211, 1.51, 0, -0, 19, -3.5, -0.5, 1.5, 0, -0, 19.7;
1362970497278461972,175,1362970497278461972,,1362970497.278468393,Operation, FACE, ELECTED, INGROUP, Left, POSECONTROL, , -3.41, -0.222, 1.52, 0, -0, 18.8, -3.5, -0.5, 1.5, 0, -0, 19.7;
1362970497398465357,176,1362970497398465357,,1362970497.398472694,Operation, FACE, ELECTED, INGROUP, Left, POSECONTROL, , -3.44, -0.218, 1.51, 0, -0, 18.7, -3.5, -0.5, 1.5, 0, -0, 19.7;
1362970497518473399,177,1362970497518473399,,1362970497.518480303,Operation, FACE, ELECTED, INGROUP, None, POSECONTROL, , -3.46, -0.219, 1.52, 0, -0, 18.6, -3.5, -0.5, 1.5, 0, -0, 19.7;
1362970497638473199,178,1362970497638473199,,1362970497.638482256,Operation, FACE, ELECTED, INGROUP, None, POSECONTROL, , -3.48, -0.229, 1.51, 0, -0, 18.6, -3.5, -0.5, 1.5, 0, -0, 19.7;
1362970497758459041,179,1362970497758459041,,1362970497.758466355,Operation, FACE, ELECTED, INGROUP, None, POSECONTROL, , -3.51, -0.23, 1.52, 0, -0, 18.6, -3.5, -0.5, 1.5, 0, -0, 19.7;
1362970497878464762,180,1362970497878464762,,1362970497.878472844,Operation, FACE, ELECTED, INGROUP, None, POSECONTROL, , -3.54, -0.231, 1.51, 0, -0, 18.5, -3.5, -0.5, 1.5, 0, -0, 19.7;
1362970497998470405,181,1362970497998470405,,1362970497.998478340,Operation, FACE, ELECTED, INGROUP, None, POSECONTROL, , -3.58, -0.235, 1.5, 0, -0, 18.2, -3.5, -0.5, 1.5, 0, -0, 19.7;
1362970498118465570,182,1362970498118465570,,1362970498.118472345,Operation, FACE, ELECTED, INGROUP, None, POSECONTROL, , -3.59, -0.251, 1.49, 0, -0, 18.1, -3.5, -0.5, 1.5, 0, -0, 19.7;
1362970498238479982,183,1362970498238479982,,1362970498.238486815,Operation, NOFACE, NOTELECTED, INGROUP, None, POSECONTROL, , -3.63, -0.265, 1.47, 0, -0, 18, -3.5, -0.5, 1.5, 0, -0, 19.7;
1362970498358466203,184,1362970498358466203,,1362970498.358473342,Operation, NOFACE, NOTELECTED, INGROUP, None, POSECONTROL, , -3.65, -0.27, 1.48, 0, -0, 17.8, -3.5, -0.5, 1.5, 0, -0, 19.7;
1362970498478458489,185,1362970498478458489,,1362970498.478463486,Operation, NOFACE, NOTELECTED, INGROUP, None, POSECONTROL, , -3.67, -0.269, 1.48, 0, -0, 17.8, -3.5, -0.5, 1.5, 0, -0, 19.7;
1362970498598466718,186,1362970498598466718,,1362970498.598475344,Operation, NOFACE, NOTELECTED, INGROUP, None, POSECONTROL, , -3.69, -0.274, 1.49, 0, -0, 17.7, -3.5, -0.5, 1.5, 0, -0, 19.7;
1362970498718462271,187,1362970498718462271,,1362970498.718470308,Operation, NOFACE, NOTELECTED, INGROUP, None, POSECONTROL, , -3.71, -0.28, 1.5, 0, -0, 17.4, -3.5, -0.5, 1.5, 0, -0, 19.7;
1362970498838468529,188,1362970498838468529,,1362970498.838480451,Operation, NOFACE, NOTELECTED, INGROUP, None, POSECONTROL, , -3.72, -0.275, 1.5, 0, -0, 17.4, -3.5, -0.5, 1.5, 0, -0, 19.7;
1362970498958458839,189,1362970498958458839,,1362970498.958466302,Operation, NOFACE, NOTELECTED, INGROUP, None, POSECONTROL, , -3.75, -0.268, 1.51, 0, -0, 17.3, -3.5, -0.5, 1.5, 0, -0, 19.7;
1362970499078945945,190,1362970499078945945,,1362970499.078955256,Operation, NOFACE, NOTELECTED, INGROUP, None, POSECONTROL, , -3.76, -0.277, 1.52, 0, -0, 17.3, -3.5, -0.5, 1.5, 0, -0, 19.7;
1362970499198458633,191,1362970499198458633,,1362970499.198465105,Operation, NOFACE, NOTELECTED, INGROUP, None, POSECONTROL, , -3.77, -0.282, 1.52, 0, -0, 17.2, -3.5, -0.5, 1.5, 0, -0, 19.7;
1362970499318467510,192,1362970499318467510,,1362970499.318478664,Operation, NOFACE, NOTELECTED, INGROUP, None, POSECONTROL, , -3.77, -0.286, 1.51, 0, -0, 17.2, -3.5, -0.5, 1.5, 0, -0, 19.7;
1362970499438473444,193,1362970499438473444,,1362970499.438482489,Operation, NOFACE, NOTELECTED, INGROUP, None, POSECONTROL, , -3.77, -0.285, 1.54, 0, -0, 17.1, -3.5, -0.5, 1.5, 0, -0, 19.7;
1362970499558463116,194,1362970499558463116,,1362970499.558471385,Operation, NOFACE, NOTELECTED, INGROUP, None, POSECONTROL, , -3.76, -0.297, 1.55, 0, -0, 17.3, -3.5, -0.5, 1.5, 0, -0, 19.7;
1362970499678465984,195,1362970499678465984,,1362970499.678474720,Operation, NOFACE, NOTELECTED, INGROUP, None, POSECONTROL, , -3.75, -0.299, 1.53, 0, -0, 17.5, -3.5, -0.5, 1.5, 0, -0, 19.7;
1362970499798480543,196,1362970499798480543,,1362970499.798487800,Operation, NOFACE, NOTELECTED, INGROUP, None, POSECONTROL, , -3.73, -0.302, 1.54, 0, -0, 17.6, -3.5, -0.5, 1.5, 0, -0, 19.7;
1362970499918513444,197,1362970499918513444,,1362970499.918520338,Operation, NOFACE, NOTELECTED, INGROUP, None, POSECONTROL, , -3.73, -0.299, 1.54, 0, -0, 17.6, -3.5, -0.5, 1.5, 0, -0, 19.7;
1362970500038465815,198,1362970500038465815,,1362970500.038472956,Operation, NOFACE, NOTELECTED, INGROUP, None, POSECONTROL, , -3.71, -0.306, 1.54, 0, -0, 17.8, -3.5, -0.5, 1.5, 0, -0, 19.7;
1362970500158459964,199,1362970500158459964,,1362970500.158468492,Operation, NOFACE, NOTELECTED, INGROUP, None, POSECONTROL, , -3.69, -0.314, 1.54, 0, -0, 17.9, -3.5, -0.5, 1.5, 0, -0, 19.7;
1362970500278459278,200,1362970500278459278,,1362970500.278468927,Operation, NOFACE, NOTELECTED, INGROUP, None, POSECONTROL, , -3.67, -0.317, 1.53, 0, -0, 18, -3.5, -0.5, 1.5, 0, -0, 19.7;
1362970500398458795,201,1362970500398458795,,1362970500.398464815,Operation, NOFACE, NOTELECTED, INGROUP, None, POSECONTROL, , -3.66, -0.319, 1.52, 0, -0, 18, -3.5, -0.5, 1.5, 0, -0, 19.7;
1362970500518458575,202,1362970500518458575,,1362970500.518465445,Operation, NOFACE, NOTELECTED, INGROUP, None, POSECONTROL, , -3.64, -0.318, 1.5, 0, -0, 17.9, -3.5, -0.5, 1.5, 0, -0, 19.7;
1362970500638458600,203,1362970500638458600,,1362970500.638465916,Operation, NOFACE, NOTELECTED, INGROUP, None, POSECONTROL, , -3.63, -0.322, 1.49, 0, -0, 17.8, -3.5, -0.5, 1.5, 0, -0, 19.7;
1362970500758459643,204,1362970500758459643,,1362970500.758467087,Operation, NOFACE, NOTELECTED, INGROUP, None, POSECONTROL, , -3.6, -0.325, 1.48, 0, -0, 17.6, -3.5, -0.5, 1.5, 0, -0, 19.7;
1362970500878454297,205,1362970500878454297,,1362970500.878461144,Operation, NOFACE, NOTELECTED, INGROUP, None, POSECONTROL, , -3.6, -0.314, 1.48, 0, -0, 17.6, -3.5, -0.5, 1.5, 0, -0, 19.7;
1362970500998455181,206,1362970500998455181,,1362970500.998461388,Operation, NOFACE, NOTELECTED, INGROUP, None, POSECONTROL, , -3.6, -0.304, 1.46, 0, -0, 17.6, -3.5, -0.5, 1.5, 0, -0, 19.7;
1362970501118461601,207,1362970501118461601,,1362970501.118468601,Operation, NOFACE, NOTELECTED, INGROUP, None, POSECONTROL, , -3.59, -0.282, 1.47, 0, -0, 17.4, -3.5, -0.5, 1.5, 0, -0, 19.7;
1362970501238460816,208,1362970501238460816,,1362970501.238469603,Operation, NOFACE, NOTELECTED, INGROUP, None, POSECONTROL, , -3.58, -0.262, 1.46, 0, -0, 17.3, -3.5, -0.5, 1.5, 0, -0, 19.7;
1362970501358467341,209,1362970501358467341,,1362970501.358477181,Operation, NOFACE, NOTELECTED, INGROUP, None, POSECONTROL, , -3.57, -0.253, 1.47, 0, -0, 17.3, -3.5, -0.5, 1.5, 0, -0, 19.7;
1362970501478461892,210,1362970501478461892,,1362970501.478469804,Operation, NOFACE, NOTELECTED, INGROUP, None, POSECONTROL, , -3.57, -0.236, 1.46, 0, -0, 17.3, -3.5, -0.5, 1.5, 0, -0, 19.7;
1362970501598456347,211,1362970501598456347,,1362970501.598464040,Operation, NOFACE, NOTELECTED, INGROUP, None, POSECONTROL, , -3.57, -0.221, 1.47, 0, -0, 17.3, -3.5, -0.5, 1.5, 0, -0, 19.7;
1362970501718456139,212,1362970501718456139,,1362970501.718463977,Operation, NOFACE, NOTELECTED, INGROUP, None, POSECONTROL, , -3.57, -0.196, 1.47, 0, -0, 17.3, -3.5, -0.5, 1.5, 0, -0, 19.7;
1362970501838454921,213,1362970501838454921,,1362970501.838461021,Operation, NOFACE, NOTELECTED, INGROUP, None, POSECONTROL, , -3.59, -0.173, 1.47, 0, -0, 17.4, -3.5, -0.5, 1.5, 0, -0, 19.7;
1362970501958466841,214,1362970501958466841,,1362970501.958473323,Operation, NOFACE, NOTELECTED, INGROUP, None, POSECONTROL, , -3.6, -0.162, 1.47, 0, -0, 17.6, -3.5, -0.5, 1.5, 0, -0, 19.7;
1362970502078456388,215,1362970502078456388,,1362970502.078463362,Operation, NOFACE, NOTELECTED, INGROUP, None, POSECONTROL, , -3.62, -0.149, 1.46, 0, -0, 18, -3.5, -0.5, 1.5, 0, -0, 19.7;
1362970502198472894,216,1362970502198472894,,1362970502.198481957,Operation, NOFACE, NOTELECTED, INGROUP, None, POSECONTROL, , -3.64, -0.15, 1.46, 0, -0, 18.5, -3.5, -0.5, 1.5, 0, -0, 19.7;
1362970502318456634,217,1362970502318456634,,1362970502.318464247,Operation, NOFACE, NOTELECTED, INGROUP, None, POSECONTROL, , -3.66, -0.158, 1.45, 0, -0, 19, -3.5, -0.5, 1.5, 0, -0, 19.7;
1362970502438459932,218,1362970502438459932,,1362970502.438467496,Operation, NOFACE, NOTELECTED, INGROUP, None, POSECONTROL, , -3.58, -0.153, 1.48, 0, -0, 15.6, -3.5, -0.5, 1.5, 0, -0, 19.7;
1362970502558459795,219,1362970502558459795,,1362970502.558468316,Operation, NOFACE, NOTELECTED, INGROUP, None, POSECONTROL, , -3.61, -0.0982, 1.53, 0, -0, 15.6, -3.5, -0.5, 1.5, 0, -0, 19.7;
1362970502678483917,220,1362970502678483917,,1362970502.678490580,Operation, NOFACE, NOTELECTED, INGROUP, None, POSECONTROL, , -3.65, 0, 1.58, 0, -0, 15.9, -3.5, -0.5, 1.5, 0, -0, 19.7;
1362970502798453903,221,1362970502798453903,,1362970502.798461415,Operation, NOFACE, NOTELECTED, INGROUP, None, POSECONTROL, , -3.66, -0.0437, 1.57, 0, -0, 16.6, -3.5, -0.5, 1.5, 0, -0, 19.7;
1362970502918458415,222,1362970502918458415,,1362970502.918465643,Operation, NOFACE, NOTELECTED, INGROUP, None, POSECONTROL, , -3.67, -0.0586, 1.55, 0, -0, 16.9, -3.5, -0.5, 1.5, 0, -0, 19.7;
1362970503038461669,223,1362970503038461669,,1362970503.038469473,Operation, NOFACE, NOTELECTED, INGROUP, None, POSECONTROL, , -3.7, -0.0618, 1.54, 0, -0, 17.2, -3.5, -0.5, 1.5, 0, -0, 19.7;
1362970503158459105,224,1362970503158459105,,1362970503.158465309,Operation, NOFACE, NOTELECTED, INGROUP, None, POSECONTROL, , -3.74, -0.0718, 1.54, 0, -0, 17.1, -3.5, -0.5, 1.5, 0, -0, 19.7;
1362970503278461641,225,1362970503278461641,,1362970503.278468616,Operation, NOFACE, NOTELECTED, INGROUP, None, POSECONTROL, , -3.77, -0.086, 1.52, 0, -0, 17, -3.5, -0.5, 1.5, 0, -0, 19.7;
1362970503398459760,226,1362970503398459760,,1362970503.398466234,Operation, NOFACE, NOTELECTED, INGROUP, None, POSECONTROL, , -3.78, -0.0912, 1.52, 0, -0, 17, -3.5, -0.5, 1.5, 0, -0, 19.7;
1362970503518454998,227,1362970503518454998,,1362970503.518462196,Operation, NOFACE, NOTELECTED, INGROUP, None, POSECONTROL, , -3.79, -0.0986, 1.52, 0, -0, 17.2, -3.5, -0.5, 1.5, 0, -0, 19.7;
1362970503638459993,228,1362970503638459993,,1362970503.638466167,Operation, NOFACE, NOTELECTED, INGROUP, None, POSECONTROL, , -3.79, -0.101, 1.54, 0, -0, 17.2, -3.5, -0.5, 1.5, 0, -0, 19.7;
1362970503758456217,229,1362970503758456217,,1362970503.758463773,Operation, NOFACE, NOTELECTED, INGROUP, None, POSECONTROL, , -3.79, -0.11, 1.57, 0, -0, 17.1, -3.5, -0.5, 1.5, 0, -0, 19.7;
1362970503878495056,230,1362970503878495056,,1362970503.878508066,Operation, NOFACE, NOTELECTED, INGROUP, None, POSECONTROL, , -3.79, -0.119, 1.57, 0, -0, 17.1, -3.5, -0.5, 1.5, 0, -0, 19.7;
1362970503998459847,231,1362970503998459847,,1362970503.998466354,Operation, NOFACE, NOTELECTED, INGROUP, None, POSECONTROL, , -3.8, -0.125, 1.56, 0, -0, 17.3, -3.5, -0.5, 1.5, 0, -0, 19.7;
1362970504118462268,232,1362970504118462268,,1362970504.118468595,Operation, NOFACE, NOTELECTED, INGROUP, None, POSECONTROL, , -3.81, -0.15, 1.55, 0, -0, 17.3, -3.5, -0.5, 1.5, 0, -0, 19.7;
1362970504238461432,233,1362970504238461432,,1362970504.238468671,Operation, NOFACE, NOTELECTED, INGROUP, None, POSECONTROL, , -3.81, -0.186, 1.53, 0, -0, 17.1, -3.5, -0.5, 1.5, 0, -0, 19.7;
1362970504358460726,234,1362970504358460726,,1362970504.358468742,Operation, NOFACE, NOTELECTED, INGROUP, None, POSECONTROL, , -3.82, -0.202, 1.52, 0, -0, 17.3, -3.5, -0.5, 1.5, 0, -0, 19.7;
1362970504478471454,235,1362970504478471454,,1362970504.478479129,Operation, NOFACE, NOTELECTED, INGROUP, None, POSECONTROL, , -3.82, -0.234, 1.51, 0, -0, 17.4, -3.5, -0.5, 1.5, 0, -0, 19.7;
1362970504598457781,236,1362970504598457781,,1362970504.598466072,Operation, NOFACE, NOTELECTED, INGROUP, None, POSECONTROL, , -3.83, -0.246, 1.51, 0, -0, 17.4, -3.5, -0.5, 1.5, 0, -0, 19.7;
1362970504718460369,237,1362970504718460369,,1362970504.718467494,Operation, NOFACE, NOTELECTED, INGROUP, None, POSECONTROL, , -3.82, -0.262, 1.52, 0, -0, 17.3, -3.5, -0.5, 1.5, 0, -0, 19.7;
1362970504838480757,238,1362970504838480757,,1362970504.838490455,Operation, NOFACE, NOTELECTED, INGROUP, None, POSECONTROL, , -3.81, -0.283, 1.52, 0, -0, 17.1, -3.5, -0.5, 1.5, 0, -0, 19.7;
1362970504958461428,239,1362970504958461428,,1362970504.958469717,Operation, NOFACE, NOTELECTED, INGROUP, None, POSECONTROL, , -3.81, -0.299, 1.51, 0, -0, 17, -3.5, -0.5, 1.5, 0, -0, 19.7;
1362970505078460874,240,1362970505078460874,,1362970505.078467667,Operation, NOFACE, NOTELECTED, INGROUP, None, POSECONTROL, , -3.8, -0.312, 1.53, 0, -0, 17.1, -3.5, -0.5, 1.5, 0, -0, 19.7;
1362970505198463647,241,1362970505198463647,,1362970505.198470175,Operation, NOFACE, NOTELECTED, INGROUP, None, POSECONTROL, , -3.79, -0.325, 1.52, 0, -0, 17.2, -3.5, -0.5, 1.5, 0, -0, 19.7;
1362970505318455248,242,1362970505318455248,,1362970505.318464195,Operation, NOFACE, NOTELECTED, INGROUP, None, POSECONTROL, , -3.78, -0.335, 1.53, 0, -0, 17.1, -3.5, -0.5, 1.5, 0, -0, 19.7;
1362970505438455611,243,1362970505438455611,,1362970505.438462358,Operation, NOFACE, NOTELECTED, INGROUP, None, POSECONTROL, , -3.75, -0.345, 1.53, 0, -0, 17.2, -3.5, -0.5, 1.5, 0, -0, 19.7;
1362970505558481941,244,1362970505558481941,,1362970505.558489009,Operation, NOFACE, NOTELECTED, INGROUP, None, POSECONTROL, , -3.73, -0.333, 1.55, 0, -0, 17.1, -3.5, -0.5, 1.5, 0, -0, 19.7;
1362970505678462754,245,1362970505678462754,,1362970505.678471203,Operation, NOFACE, NOTELECTED, INGROUP, None, POSECONTROL, , -3.71, -0.34, 1.56, 0, -0, 17.1, -3.5, -0.5, 1.5, 0, -0, 19.7;
1362970505798479228,246,1362970505798479228,,1362970505.798485840,Operation, NOFACE, NOTELECTED, INGROUP, None, POSECONTROL, , -3.69, -0.342, 1.55, 0, -0, 17.1, -3.5, -0.5, 1.5, 0, -0, 19.7;
1362970505918476990,247,1362970505918476990,,1362970505.918483831,Operation, NOFACE, NOTELECTED, INGROUP, None, POSECONTROL, , -3.66, -0.341, 1.54, 0, -0, 17.2, -3.5, -0.5, 1.5, 0, -0, 19.7;
1362970506038454805,248,1362970506038454805,,1362970506.038461189,Operation, NOFACE, NOTELECTED, INGROUP, None, POSECONTROL, , -3.64, -0.338, 1.54, 0, -0, 17.3, -3.5, -0.5, 1.5, 0, -0, 19.7;
1362970506158480821,249,1362970506158480821,,1362970506.158490307,Operation, NOFACE, NOTELECTED, INGROUP, None, POSECONTROL, , -3.61, -0.326, 1.53, 0, -0, 17.6, -3.5, -0.5, 1.5, 0, -0, 19.7;
1362970506278482760,250,1362970506278482760,,1362970506.278492149,Operation, NOFACE, NOTELECTED, INGROUP, None, POSECONTROL, , -3.59, -0.312, 1.51, 0, -0, 17.7, -3.5, -0.5, 1.5, 0, -0, 19.7;
1362970506398458118,251,1362970506398458118,,1362970506.398464838,Operation, NOFACE, NOTELECTED, INGROUP, None, POSECONTROL, , -3.59, -0.305, 1.52, 0, -0, 17.7, -3.5, -0.5, 1.5, 0, -0, 19.7;
1362970506518459937,252,1362970506518459937,,1362970506.518466454,Operation, NOFACE, NOTELECTED, INGROUP, None, POSECONTROL, , -3.59, -0.305, 1.52, 0, -0, 17.7, -3.5, -0.5, 1.5, 0, -0, 19.7;
1362970506638457416,253,1362970506638457416,,1362970506.638464286,Operation, NOFACE, NOTELECTED, INGROUP, None, POSECONTROL, , -3.54, -0.259, 1.49, 0, -0, 18, -3.5, -0.5, 1.5, 0, -0, 19.7;
1362970506758453389,254,1362970506758453389,,1362970506.758459841,Operation, NOFACE, NOTELECTED, INGROUP, None, POSECONTROL, , -3.52, -0.259, 1.48, 0, -0, 18.3, -3.5, -0.5, 1.5, 0, -0, 19.7;
1362970506878484779,255,1362970506878484779,,1362970506.878494920,Operation, NOFACE, NOTELECTED, INGROUP, None, POSECONTROL, , -3.5, -0.265, 1.47, 0, -0, 18.2, -3.5, -0.5, 1.5, 0, -0, 19.7;
1362970506998479374,256,1362970506998479374,,1362970506.998485556,Operation, NOFACE, NOTELECTED, INGROUP, None, POSECONTROL, , -3.49, -0.274, 1.45, 0, -0, 18.3, -3.5, -0.5, 1.5, 0, -0, 19.7;
1362970507118456037,257,1362970507118456037,,1362970507.118462688,Operation, NOFACE, NOTELECTED, INGROUP, None, POSECONTROL, , -3.47, -0.278, 1.44, 0, -0, 18.4, -3.5, -0.5, 1.5, 0, -0, 19.7;
1362970507238480219,258,1362970507238480219,,1362970507.238489660,Operation, NOFACE, NOTELECTED, INGROUP, None, POSECONTROL, , -3.44, -0.271, 1.46, 0, -0, 18.4, -3.5, -0.5, 1.5, 0, -0, 19.7;
1362970507358454247,259,1362970507358454247,,1362970507.358461564,Operation, NOFACE, NOTELECTED, INGROUP, None, POSECONTROL, , -3.42, -0.27, 1.47, 0, -0, 18.4, -3.5, -0.5, 1.5, 0, -0, 19.7;
1362970507478459732,260,1362970507478459732,,1362970507.478466592,Operation, NOFACE, NOTELECTED, INGROUP, None, POSECONTROL, , -3.43, -0.267, 1.46, 0, -0, 18.4, -3.5, -0.5, 1.5, 0, -0, 19.7;
1362970507598460174,261,1362970507598460174,,1362970507.598467329,Operation, NOFACE, NOTELECTED, INGROUP, None, POSECONTROL, , -3.44, -0.257, 1.49, 0, -0, 18.5, -3.5, -0.5, 1.5, 0, -0, 19.7;
1362970507718462827,262,1362970507718462827,,1362970507.718474502,Operation, NOFACE, NOTELECTED, INGROUP, None, POSECONTROL, , -3.45, -0.256, 1.49, 0, -0, 18.7, -3.5, -0.5, 1.5, 0, -0, 19.7;
1362970507838480460,263,1362970507838480460,,1362970507.838486995,Operation, NOFACE, NOTELECTED, INGROUP, None, POSECONTROL, , -3.47, -0.234, 1.51, 0, -0, 18.8, -3.5, -0.5, 1.5, 0, -0, 19.7;
1362970507958461075,264,1362970507958461075,,1362970507.958467874,Operation, NOFACE, NOTELECTED, INGROUP, None, POSECONTROL, , -3.5, -0.211, 1.52, 0, -0, 19, -3.5, -0.5, 1.5, 0, -0, 19.7;
1362970508078485626,265,1362970508078485626,,1362970508.078493471,Operation, NOFACE, NOTELECTED, INGROUP, None, POSECONTROL, , -3.51, -0.189, 1.54, 0, -0, 19, -3.5, -0.5, 1.5, 0, -0, 19.7;
1362970508198460293,266,1362970508198460293,,1362970508.198470035,Operation, NOFACE, NOTELECTED, INGROUP, None, POSECONTROL, , -3.51, -0.187, 1.54, 0, -0, 18.7, -3.5, -0.5, 1.5, 0, -0, 19.7;
1362970508318457328,267,1362970508318457328,,1362970508.318464765,Operation, NOFACE, NOTELECTED, INGROUP, None, POSECONTROL, , -3.49, -0.188, 1.55, 0, -0, 18.6, -3.5, -0.5, 1.5, 0, -0, 19.7;
1362970508438456650,268,1362970508438456650,,1362970508.438462747,Operation, NOFACE, NOTELECTED, INGROUP, None, POSECONTROL, , -3.49, -0.179, 1.55, 0, -0, 18.7, -3.5, -0.5, 1.5, 0, -0, 19.7;
1362970508558461275,269,1362970508558461275,,1362970508.558468026,Operation, NOFACE, NOTELECTED, INGROUP, None, POSECONTROL, , -3.51, -0.146, 1.57, 0, -0, 18.6, -3.5, -0.5, 1.5, 0, -0, 19.7;
1362970508678466085,270,1362970508678466085,,1362970508.678473753,Operation, NOFACE, NOTELECTED, INGROUP, None, POSECONTROL, , -3.53, -0.138, 1.56, 0, -0, 18.6, -3.5, -0.5, 1.5, 0, -0, 19.7;
1362970508798465240,271,1362970508798465240,,1362970508.798472251,Operation, NOFACE, NOTELECTED, INGROUP, None, POSECONTROL, , -3.56, -0.123, 1.56, 0, -0, 18.5, -3.5, -0.5, 1.5, 0, -0, 19.7;
1362970508918460378,272,1362970508918460378,,1362970508.918467719,Operation, NOFACE, NOTELECTED, INGROUP, None, POSECONTROL, , -3.58, -0.117, 1.55, 0, -0, 18.5, -3.5, -0.5, 1.5, 0, -0, 19.7;
1362970509038462230,273,1362970509038462230,,1362970509.038470075,Operation, NOFACE, NOTELECTED, INGROUP, None, POSECONTROL, , -3.63, -0.0964, 1.54, 0, -0, 18.6, -3.5, -0.5, 1.5, 0, -0, 19.7;
1362970509158461416,274,1362970509158461416,,1362970509.158468424,Operation, NOFACE, NOTELECTED, INGROUP, None, POSECONTROL, , -3.67, -0.0853, 1.54, 0, -0, 18.5, -3.5, -0.5, 1.5, 0, -0, 19.7;
1362970509278456102,275,1362970509278456102,,1362970509.278463264,Operation, NOFACE, NOTELECTED, INGROUP, None, POSECONTROL, , -3.71, -0.0709, 1.54, 0, -0, 18.3, -3.5, -0.5, 1.5, 0, -0, 19.7;
1362970509398466386,276,1362970509398466386,,1362970509.398473963,Operation, NOFACE, NOTELECTED, INGROUP, None, POSECONTROL, , -3.73, -0.0677, 1.53, 0, -0, 18.1, -3.5, -0.5, 1.5, 0, -0, 19.7;
1362970509518465761,277,1362970509518465761,,1362970509.518476092,Operation, NOFACE, NOTELECTED, INGROUP, None, POSECONTROL, , -3.75, -0.0696, 1.52, 0, -0, 17.9, -3.5, -0.5, 1.5, 0, -0, 19.7;
1362970509638462430,278,1362970509638462430,,1362970509.638470385,Operation, NOFACE, NOTELECTED, INGROUP, None, POSECONTROL, , -3.75, -0.0913, 1.52, 0, -0, 17.5, -3.5, -0.5, 1.5, 0, -0, 19.7;
1362970509758439282,279,1362970509758439282,,1362970509.758446259,Operation, NOFACE, NOTELECTED, INGROUP, None, POSECONTROL, , -3.76, -0.0972, 1.51, 0, -0, 17.2, -3.5, -0.5, 1.5, 0, -0, 19.7;
1362970509878472016,280,1362970509878472016,,1362970509.878479366,Operation, NOFACE, NOTELECTED, INGROUP, None, POSECONTROL, , -3.75, -0.118, 1.51, 0, -0, 17, -3.5, -0.5, 1.5, 0, -0, 19.7;
1362970509998463753,281,1362970509998463753,,1362970509.998472328,Operation, NOFACE, NOTELECTED, INGROUP, None, POSECONTROL, , -3.74, -0.126, 1.5, 0, -0, 16.6, -3.5, -0.5, 1.5, 0, -0, 19.7;
1362970510118458547,282,1362970510118458547,,1362970510.118465394,Operation, NOFACE, NOTELECTED, INGROUP, None, POSECONTROL, , -3.73, -0.138, 1.5, 0, -0, 16.5, -3.5, -0.5, 1.5, 0, -0, 19.7;
1362970510238460803,283,1362970510238460803,,1362970510.238467505,Operation, NOFACE, NOTELECTED, INGROUP, None, POSECONTROL, , -3.71, -0.147, 1.5, 0, -0, 16.5, -3.5, -0.5, 1.5, 0, -0, 19.7;
1362970510358483345,284,1362970510358483345,,1362970510.358490486,Operation, NOFACE, NOTELECTED, INGROUP, None, POSECONTROL, , -3.68, -0.151, 1.5, 0, -0, 16.3, -3.5, -0.5, 1.5, 0, -0, 19.7;
1362970510478455516,285,1362970510478455516,,1362970510.478462242,Operation, NOFACE, NOTELECTED, INGROUP, None, POSECONTROL, , -3.67, -0.155, 1.49, 0, -0, 16.3, -3.5, -0.5, 1.5, 0, -0, 19.7;
1362970510598487359,286,1362970510598487359,,1362970510.598493972,Operation, NOFACE, NOTELECTED, INGROUP, None, POSECONTROL, , -3.63, -0.173, 1.5, 0, -0, 16.2, -3.5, -0.5, 1.5, 0, -0, 19.7;
1362970510718459985,287,1362970510718459985,,1362970510.718467071,Operation, NOFACE, NOTELECTED, INGROUP, None, POSECONTROL, , -3.61, -0.172, 1.51, 0, -0, 16.3, -3.5, -0.5, 1.5, 0, -0, 19.7;
1362970510838455277,288,1362970510838455277,,1362970510.838462680,Operation, NOFACE, NOTELECTED, INGROUP, None, POSECONTROL, , -3.57, -0.184, 1.51, 0, -0, 16.5, -3.5, -0.5, 1.5, 0, -0, 19.7;
1362970510958462772,289,1362970510958462772,,1362970510.958475027,Operation, NOFACE, NOTELECTED, INGROUP, None, POSECONTROL, , -3.52, -0.198, 1.52, 0, -0, 16.5, -3.5, -0.5, 1.5, 0, -0, 19.7;
1362970511078458190,290,1362970511078458190,,1362970511.078466314,Operation, NOFACE, NOTELECTED, INGROUP, None, POSECONTROL, , -3.49, -0.201, 1.51, 0, -0, 16.7, -3.5, -0.5, 1.5, 0, -0, 19.7;
1362970511198453851,291,1362970511198453851,,1362970511.198460881,Operation, NOFACE, NOTELECTED, INGROUP, None, POSECONTROL, , -3.45, -0.213, 1.51, 0, -0, 17.1, -3.5, -0.5, 1.5, 0, -0, 19.7;
1362970511318458795,292,1362970511318458795,,1362970511.318465383,Operation, NOFACE, NOTELECTED, INGROUP, None, POSECONTROL, , -3.43, -0.221, 1.5, 0, -0, 17.4, -3.5, -0.5, 1.5, 0, -0, 19.7;
1362970511438467406,293,1362970511438467406,,1362970511.438482962,Operation, NOFACE, NOTELECTED, INGROUP, None, POSECONTROL, , -3.4, -0.222, 1.48, 0, -0, 17.8, -3.5, -0.5, 1.5, 0, -0, 19.7;
1362970511558480667,294,1362970511558480667,,1362970511.558487592,Operation, NOFACE, NOTELECTED, INGROUP, None, POSECONTROL, , -3.35, -0.227, 1.48, 0, -0, 18.1, -3.5, -0.5, 1.5, 0, -0, 19.7;
1362970511678461616,295,1362970511678461616,,1362970511.678469706,Operation, NOFACE, NOTELECTED, INGROUP, None, POSECONTROL, , -3.32, -0.223, 1.49, 0, -0, 18, -3.5, -0.5, 1.5, 0, -0, 19.7;
1362970511798464123,296,1362970511798464123,,1362970511.798471994,Operation, NOFACE, NOTELECTED, INGROUP, None, POSECONTROL, , -3.28, -0.232, 1.49, 0, -0, 18, -3.5, -0.5, 1.5, 0, -0, 19.7;
1362970511918468841,297,1362970511918468841,,1362970511.918477184,Operation, NOFACE, NOTELECTED, INGROUP, None, POSECONTROL, , -3.26, -0.241, 1.46, 0, -0, 18.1, -3.5, -0.5, 1.5, 0, -0, 19.7;
1362970512038489669,298,1362970512038489669,,1362970512.038502312,Operation, NOFACE, NOTELECTED, INGROUP, None, POSECONTROL, , -3.24, -0.246, 1.48, 0, -0, 18, -3.5, -0.5, 1.5, 0, -0, 19.7;
1362970512158457770,299,1362970512158457770,,1362970512.158464259,Operation, NOFACE, NOTELECTED, INGROUP, None, POSECONTROL, , -3.21, -0.265, 1.46, 0, -0, 18.1, -3.5, -0.5, 1.5, 0, -0, 19.7;
1362970512278464713,300,1362970512278464713,,1362970512.278472157,Operation, NOFACE, NOTELECTED, INGROUP, None, POSECONTROL, , -3.19, -0.272, 1.48, 0, -0, 18.2, -3.5, -0.5, 1.5, 0, -0, 19.7;
1362970512398460542,301,1362970512398460542,,1362970512.398467905,Operation, NOFACE, NOTELECTED, INGROUP, None, POSECONTROL, , -3.18, -0.272, 1.48, 0, -0, 18.4, -3.5, -0.5, 1.5, 0, -0, 19.7;
1362970512518459184,302,1362970512518459184,,1362970512.518466674,Operation, NOFACE, NOTELECTED, INGROUP, None, POSECONTROL, , -3.17, -0.289, 1.48, 0, -0, 18.5, -3.5, -0.5, 1.5, 0, -0, 19.7;
1362970512638456587,303,1362970512638456587,,1362970512.638462944,Operation, NOFACE, NOTELECTED, INGROUP, None, POSECONTROL, , -3.15, -0.308, 1.48, 0, -0, 18.4, -3.5, -0.5, 1.5, 0, -0, 19.7;
1362970512758490549,304,1362970512758490549,,1362970512.758500330,Operation, NOFACE, NOTELECTED, INGROUP, None, POSECONTROL, , -3.13, -0.339, 1.47, 0, -0, 18.3, -3.5, -0.5, 1.5, 0, -0, 19.7;
1362970512878461749,305,1362970512878461749,,1362970512.878468134,Operation, NOFACE, NOTELECTED, INGROUP, None, POSECONTROL, , -3.12, -0.36, 1.46, 0, -0, 18.4, -3.5, -0.5, 1.5, 0, -0, 19.7;
1362970512998453153,306,1362970512998453153,,1362970512.998459424,Operation, NOFACE, NOTELECTED, INGROUP, None, POSECONTROL, , -3.11, -0.381, 1.46, 0, -0, 18.5, -3.5, -0.5, 1.5, 0, -0, 19.7;
1362970513118456088,307,1362970513118456088,,1362970513.118462797,Operation, NOFACE, NOTELECTED, INGROUP, None, POSECONTROL, , -3.11, -0.401, 1.48, 0, -0, 18.6, -3.5, -0.5, 1.5, 0, -0, 19.7;
1362970513238475558,308,1362970513238475558,,1362970513.238494174,Operation, NOFACE, NOTELECTED, INGROUP, None, POSECONTROL, , -3.12, -0.427, 1.49, 0, -0, 18.7, -3.5, -0.5, 1.5, 0, -0, 19.7;
1362970513358509536,309,1362970513358509536,,1362970513.358519017,Operation, NOFACE, NOTELECTED, INGROUP, None, POSECONTROL, , -3.13, -0.437, 1.51, 0, -0, 18.7, -3.5, -0.5, 1.5, 0, -0, 19.7;
1362970513478487489,310,1362970513478487489,,1362970513.478492882,Operation, NOFACE, NOTELECTED, INGROUP, None, POSECONTROL, , -3.14, -0.456, 1.51, 0, -0, 18.7, -3.5, -0.5, 1.5, 0, -0, 19.7;
1362970513598459530,311,1362970513598459530,,1362970513.598468098,Operation, NOFACE, NOTELECTED, INGROUP, None, POSECONTROL, , -3.14, -0.481, 1.51, 0, -0, 18.7, -3.5, -0.5, 1.5, 0, -0, 19.7;
1362970513718485481,312,1362970513718485481,,1362970513.718501788,Operation, NOFACE, NOTELECTED, INGROUP, None, POSECONTROL, , -3.16, -0.506, 1.54, 0, -0, 18.7, -3.5, -0.5, 1.5, 0, -0, 19.7;
1362970513838464496,313,1362970513838464496,,1362970513.838473893,Operation, NOFACE, NOTELECTED, INGROUP, None, POSECONTROL, , -3.19, -0.535, 1.53, 0, -0, 18.7, -3.5, -0.5, 1.5, 0, -0, 19.7;
1362970513958572589,314,1362970513958572589,,1362970513.958581592,Operation, NOFACE, NOTELECTED, INGROUP, None, POSECONTROL, , -3.22, -0.567, 1.52, 0, -0, 18.5, -3.5, -0.5, 1.5, 0, -0, 19.7;
1362970514078499335,315,1362970514078499335,,1362970514.078507223,Operation, NOFACE, NOTELECTED, INGROUP, None, POSECONTROL, , -3.23, -0.573, 1.53, 0, -0, 18.4, -3.5, -0.5, 1.5, 0, -0, 19.7;
1362970514198485897,316,1362970514198485897,,1362970514.198492677,Operation, NOFACE, NOTELECTED, INGROUP, None, POSECONTROL, , -3.25, -0.585, 1.55, 0, -0, 18.4, -3.5, -0.5, 1.5, 0, -0, 19.7;
1362970514318458246,317,1362970514318458246,,1362970514.318467476,Operation, NOFACE, NOTELECTED, INGROUP, None, POSECONTROL, , -3.26, -0.596, 1.56, 0, -0, 18.5, -3.5, -0.5, 1.5, 0, -0, 19.7;
1362970514438588875,318,1362970514438588875,,1362970514.438596284,Operation, NOFACE, NOTELECTED, INGROUP, None, POSECONTROL, , -3.27, -0.597, 1.56, 0, -0, 18.6, -3.5, -0.5, 1.5, 0, -0, 19.7;
1362970514558456432,319,1362970514558456432,,1362970514.558464221,Operation, NOFACE, NOTELECTED, INGROUP, None, POSECONTROL, , -3.3, -0.603, 1.55, 0, -0, 18.8, -3.5, -0.5, 1.5, 0, -0, 19.7;
1362970514678459417,320,1362970514678459417,,1362970514.678466095,Operation, NOFACE, NOTELECTED, INGROUP, None, POSECONTROL, , -3.31, -0.599, 1.56, 0, -0, 18.8, -3.5, -0.5, 1.5, 0, -0, 19.7;
1362970514798460609,321,1362970514798460609,,1362970514.798471199,Operation, NOFACE, NOTELECTED, INGROUP, None, POSECONTROL, , -3.32, -0.599, 1.57, 0, -0, 18.9, -3.5, -0.5, 1.5, 0, -0, 19.7;
1362970514918459366,322,1362970514918459366,,1362970514.918465711,Operation, NOFACE, NOTELECTED, INGROUP, None, POSECONTROL, , -3.31, -0.604, 1.56, 0, -0, 18.9, -3.5, -0.5, 1.5, 0, -0, 19.7;
1362970515038467249,323,1362970515038467249,,1362970515.038478232,Operation, NOFACE, NOTELECTED, INGROUP, None, POSECONTROL, , -3.3, -0.609, 1.56, 0, -0, 18.9, -3.5, -0.5, 1.5, 0, -0, 19.7;
1362970515158453779,324,1362970515158453779,,1362970515.158461237,, NOFACE, NOTELECTED, INGROUP, None, NOP, ;
1362970515278469963,325,1362970515278469963,,1362970515.278479236,, NOFACE, NOTELECTED, INGROUP, None, NOP, ;
1362970515398478516,326,1362970515398478516,,1362970515.398485064,, NOFACE, NOTELECTED, INGROUP, None, NOP, ;
1362970515518457355,327,1362970515518457355,,1362970515.518466550,, NOFACE, NOTELECTED, INGROUP, None, NOP, ;
1362970515638458928,328,1362970515638458928,,1362970515.638465245,, NOFACE, NOTELECTED, INGROUP, None, NOP, ;
1362970515758456735,329,1362970515758456735,,1362970515.758463408,, NOFACE, NOTELECTED, INGROUP, None, NOP, ;
1362970515878477534,330,1362970515878477534,,1362970515.878490758,, NOFACE, NOTELECTED, INGROUP, None, NOP, ;
1362970515998477831,331,1362970515998477831,,1362970515.998487244,, NOFACE, NOTELECTED, INGROUP, None, NOP, ;
1362970516118582912,332,1362970516118582912,,1362970516.118586126,Landing, NOFACE, NOTELECTED, INGROUP, None, NOP, ;
1362970516238456546,333,1362970516238456546,,1362970516.238463631,Landing, NOFACE, NOTELECTED, INGROUP, None, NOP, ;
1362970516358456941,334,1362970516358456941,,1362970516.358463305,Landing, NOFACE, NOTELECTED, INGROUP, None, NOP, ;
1362970516478458738,335,1362970516478458738,,1362970516.478463902,Landing, NOFACE, NOTELECTED, INGROUP, None, NOP, ;
1362970516598463064,336,1362970516598463064,,1362970516.598469833,Landing, NOFACE, NOTELECTED, INGROUP, None, NOP, ;
1362970516718478989,337,1362970516718478989,,1362970516.718484763,Landing, NOFACE, NOTELECTED, INGROUP, None, NOP, ;
1362970516838461161,338,1362970516838461161,,1362970516.838467978,Landing, NOFACE, NOTELECTED, INGROUP, None, NOP, ;
1362970516958458602,339,1362970516958458602,,1362970516.958466489,Landing, NOFACE, NOTELECTED, INGROUP, None, NOP, ;
1362970517078472822,340,1362970517078472822,,1362970517.078482240,Landing, NOFACE, NOTELECTED, INGROUP, None, NOP, ;
1362970517198468482,341,1362970517198468482,,1362970517.198476684,Landing, NOFACE, NOTELECTED, INGROUP, None, NOP, ;
1362970517318471549,342,1362970517318471549,,1362970517.318479388,Landing, NOFACE, NOTELECTED, INGROUP, None, NOP, ;
1362970517438474647,343,1362970517438474647,,1362970517.438483616,Landing, NOFACE, NOTELECTED, INGROUP, None, NOP, ;
1362970517558485004,344,1362970517558485004,,1362970517.558492185,Resetted, NOFACE, NOTELECTED, INGROUP, None, NOP, ;
1362970517678499165,345,1362970517678499165,,1362970517.678508594,Resetted, NOFACE, NOTELECTED, INGROUP, None, NOP, ;
1362970517798477082,346,1362970517798477082,,1362970517.798489931,Resetted, NOFACE, NOTELECTED, INGROUP, None, NOP, ;
1362970517918479587,347,1362970517918479587,,1362970517.918484956,Resetted, NOFACE, NOTELECTED, INGROUP, None, NOP, ;
1362970518038485993,348,1362970518038485993,,1362970518.038502774,Resetted, NOFACE, NOTELECTED, INGROUP, None, NOP, ;
1362970518158461725,349,1362970518158461725,,1362970518.158470090,Resetted, NOFACE, NOTELECTED, INGROUP, None, NOP, ;
1362970518278456817,350,1362970518278456817,,1362970518.278464629,Resetted, NOFACE, NOTELECTED, INGROUP, None, NOP, ;
1362970518398581626,351,1362970518398581626,,1362970518.398589789,Resetted, NOFACE, NOTELECTED, INGROUP, None, NOP, ;
1362970518518455308,352,1362970518518455308,,1362970518.518460593,Resetted, NOFACE, NOTELECTED, INGROUP, None, NOP, ;
1362970518638424636,353,1362970518638424636,,1362970518.638436465,Resetted, NOFACE, NOTELECTED, INGROUP, None, NOP, ;
1362970518758459475,354,1362970518758459475,,1362970518.758467603,Resetted, NOFACE, NOTELECTED, INGROUP, None, NOP, ;
1362970518878455866,355,1362970518878455866,,1362970518.878462953,Resetted, NOFACE, NOTELECTED, INGROUP, None, NOP, ;
1362970518998460116,356,1362970518998460116,,1362970518.998469685,Resetted, NOFACE, NOTELECTED, INGROUP, None, NOP, ;
1362970519118460550,357,1362970519118460550,,1362970519.118468174,Resetted, NOFACE, NOTELECTED, INGROUP, None, NOP, ;
1362970519238459716,358,1362970519238459716,,1362970519.238467242,Resetted, NOFACE, NOTELECTED, INGROUP, None, NOP, ;
1362970519358459686,359,1362970519358459686,,1362970519.358466992,Resetted, NOFACE, NOTELECTED, INGROUP, None, NOP, ;
1362970519478457826,360,1362970519478457826,,1362970519.478464606,Resetted, NOFACE, NOTELECTED, INGROUP, None, NOP, ;
1362970519598460123,361,1362970519598460123,,1362970519.598470083,Resetted, NOFACE, NOTELECTED, INGROUP, None, NOP, ;
1362970519718458226,362,1362970519718458226,,1362970519.718463739,Resetted, NOFACE, NOTELECTED, INGROUP, None, NOP, ;
1362970519838464409,363,1362970519838464409,,1362970519.838472337,Resetted, NOFACE, NOTELECTED, INGROUP, None, NOP, ;
1362970519958456408,364,1362970519958456408,,1362970519.958464113,Resetted, NOFACE, NOTELECTED, INGROUP, None, NOP, ;
1362970520078466880,365,1362970520078466880,,1362970520.078478968,Resetted, NOFACE, NOTELECTED, INGROUP, None, NOP, ;
1362970520198458757,366,1362970520198458757,,1362970520.198466552,Resetted, NOFACE, NOTELECTED, INGROUP, None, NOP, ;
1362970520318460581,367,1362970520318460581,,1362970520.318467035,Resetted, NOFACE, NOTELECTED, INGROUP, None, NOP, ;
1362970520438457424,368,1362970520438457424,,1362970520.438467472,Resetted, NOFACE, NOTELECTED, INGROUP, None, NOP, ;
1362970520558460291,369,1362970520558460291,,1362970520.558466911,Resetted, NOFACE, NOTELECTED, INGROUP, None, NOP, ;
1362970520678459933,370,1362970520678459933,,1362970520.678465053,Resetted, NOFACE, NOTELECTED, INGROUP, None, NOP, ;
1362970520798466436,371,1362970520798466436,,1362970520.798476170,Resetted, NOFACE, NOTELECTED, INGROUP, None, NOP, ;
1362970520918460366,372,1362970520918460366,,1362970520.918466595,Resetted, NOFACE, NOTELECTED, INGROUP, None, NOP, ;
1362970521038478071,373,1362970521038478071,,1362970521.038489008,Resetted, NOFACE, NOTELECTED, INGROUP, None, NOP, ;
1362970521158456192,374,1362970521158456192,,1362970521.158463458,Resetted, NOFACE, NOTELECTED, INGROUP, None, NOP, ;
1362970521278460432,375,1362970521278460432,,1362970521.278466964,Resetted, NOFACE, NOTELECTED, INGROUP, None, NOP, ;
1362970521398482300,376,1362970521398482300,,1362970521.398490284,Resetted, NOFACE, NOTELECTED, INGROUP, None, NOP, ;
1362970521518498822,377,1362970521518498822,,1362970521.518506342,Resetted, NOFACE, NOTELECTED, INGROUP, None, NOP, ;
